id,osm_type,osm_id,municipality,calc_area_m2,calc_capacity_kw,calc_annual_kwh,calc_peak_kw,matched_query_tags,osm_tags,generated_at
way/1014235846,way,1014235846,横瀬町,37.52,6.75,7087.5,5.06,power=generator + generator:source=solar,generator:method=photovoltaic; generator:output:electricity=yes; generator:source=solar; generator:type=solar_photovoltaic_panel; power=generator,2026-08-03T05:51:52+00:00
way/1014235847,way,1014235847,横瀬町,65.15,11.73,12316.5,8.8,power=generator + generator:source=solar,generator:method=photovoltaic; generator:output:electricity=yes; generator:source=solar; generator:type=solar_photovoltaic_panel; power=generator,2026-08-03T05:51:52+00:00
way/1014235848,way,1014235848,横瀬町,65.14,11.73,12316.5,8.8,power=generator + generator:source=solar,generator:method=photovoltaic; generator:output:electricity=yes; generator:source=solar; generator:type=solar_photovoltaic_panel; power=generator,2026-08-03T05:51:52+00:00
way/1014235849,way,1014235849,横瀬町,50.82,9.15,9607.5,6.86,power=generator + generator:source=solar,generator:method=photovoltaic; generator:output:electricity=yes; generator:source=solar; generator:type=solar_photovoltaic_panel; power=generator,2026-08-03T05:51:52+00:00
way/1014235850,way,1014235850,横瀬町,43.13,7.76,8148.0,5.82,power=generator + generator:source=solar,generator:method=photovoltaic; generator:output:electricity=yes; generator:source=solar; generator:type=solar_photovoltaic_panel; power=generator,2026-08-03T05:51:52+00:00
way/1014235851,way,1014235851,横瀬町,18.12,3.26,3423.0,2.44,power=generator + generator:source=solar,generator:method=photovoltaic; generator:output:electricity=yes; generator:source=solar; generator:type=solar_photovoltaic_panel; power=generator,2026-08-03T05:51:52+00:00
way/1014235852,way,1014235852,横瀬町,603.58,108.64,114072.0,81.48,power=plant + plant:source=solar,plant:method=photovoltaic; plant:output:electricity=yes; plant:source=solar; power=plant,2026-08-03T05:51:52+00:00
way/1039056913,way,1039056913,横瀬町,60.32,10.86,11403.0,8.14,power=generator + generator:source=solar,generator:method=photovoltaic; generator:output:electricity=yes; generator:source=solar; generator:type=solar_photovoltaic_panel; power=generator,2026-08-03T05:51:52+00:00
way/1039056914,way,1039056914,横瀬町,123.32,22.2,23310.0,16.65,power=generator + generator:source=solar,generator:method=photovoltaic; generator:output:electricity=yes; generator:source=solar; generator:type=solar_photovoltaic_panel; power=generator,2026-08-03T05:51:52+00:00
way/1039056915,way,1039056915,横瀬町,115.4,20.77,21808.5,15.58,power=generator + generator:source=solar,generator:method=photovoltaic; generator:output:electricity=yes; generator:source=solar; generator:type=solar_photovoltaic_panel; power=generator,2026-08-03T05:51:52+00:00
way/1039056916,way,1039056916,横瀬町,106.22,19.12,20076.0,14.34,power=generator + generator:source=solar,generator:method=photovoltaic; generator:output:electricity=yes; generator:source=solar; generator:type=solar_photovoltaic_panel; power=generator,2026-08-03T05:51:52+00:00
way/1039056917,way,1039056917,横瀬町,106.06,19.09,20044.5,14.32,power=generator + generator:source=solar,generator:method=photovoltaic; generator:output:electricity=yes; generator:source=solar; generator:type=solar_photovoltaic_panel; power=generator,2026-08-03T05:51:52+00:00
way/1039056918,way,1039056918,横瀬町,109.9,19.78,20769.0,14.84,power=generator + generator:source=solar,generator:method=photovoltaic; generator:output:electricity=yes; generator:source=solar; generator:type=solar_photovoltaic_panel; power=generator,2026-08-03T05:51:52+00:00
way/1039056919,way,1039056919,横瀬町,111.5,20.07,21073.5,15.05,power=generator + generator:source=solar,generator:method=photovoltaic; generator:output:electricity=yes; generator:source=solar; generator:type=solar_photovoltaic_panel; power=generator,2026-08-03T05:51:52+00:00
way/1039056920,way,1039056920,横瀬町,115.56,20.8,21840.0,15.6,power=generator + generator:source=solar,generator:method=photovoltaic; generator:output:electricity=yes; generator:source=solar; generator:type=solar_photovoltaic_panel; power=generator,2026-08-03T05:51:52+00:00
way/1039056921,way,1039056921,横瀬町,115.56,20.8,21840.0,15.6,power=generator + generator:source=solar,generator:method=photovoltaic; generator:output:electricity=yes; generator:source=solar; generator:type=solar_photovoltaic_panel; power=generator,2026-08-03T05:51:52+00:00
way/1039056922,way,1039056922,横瀬町,115.58,20.8,21840.0,15.6,power=generator + generator:source=solar,generator:method=photovoltaic; generator:output:electricity=yes; generator:source=solar; generator:type=solar_photovoltaic_panel; power=generator,2026-08-03T05:51:52+00:00
way/1039056923,way,1039056923,横瀬町,115.41,20.77,21808.5,15.58,power=generator + generator:source=solar,generator:method=photovoltaic; generator:output:electricity=yes; generator:source=solar; generator:type=solar_photovoltaic_panel; power=generator,2026-08-03T05:51:52+00:00
way/1039056924,way,1039056924,横瀬町,115.25,20.75,21787.5,15.56,power=generator + generator:source=solar,generator:method=photovoltaic; generator:output:electricity=yes; generator:source=solar; generator:type=solar_photovoltaic_panel; power=generator,2026-08-03T05:51:52+00:00
way/1039056925,way,1039056925,横瀬町,115.24,20.74,21777.0,15.55,power=generator + generator:source=solar,generator:method=photovoltaic; generator:output:electricity=yes; generator:source=solar; generator:type=solar_photovoltaic_panel; power=generator,2026-08-03T05:51:52+00:00
way/1039056926,way,1039056926,横瀬町,115.25,20.75,21787.5,15.56,power=generator + generator:source=solar,generator:method=photovoltaic; generator:output:electricity=yes; generator:source=solar; generator:type=solar_photovoltaic_panel; power=generator,2026-08-03T05:51:52+00:00
way/1039056927,way,1039056927,横瀬町,115.23,20.74,21777.0,15.55,power=generator + generator:source=solar,generator:method=photovoltaic; generator:output:electricity=yes; generator:source=solar; generator:type=solar_photovoltaic_panel; power=generator,2026-08-03T05:51:52+00:00
way/1039056928,way,1039056928,横瀬町,115.25,20.75,21787.5,15.56,power=generator + generator:source=solar,generator:method=photovoltaic; generator:output:electricity=yes; generator:source=solar; generator:type=solar_photovoltaic_panel; power=generator,2026-08-03T05:51:52+00:00
way/1039056929,way,1039056929,横瀬町,115.25,20.75,21787.5,15.56,power=generator + generator:source=solar,generator:method=photovoltaic; generator:output:electricity=yes; generator:source=solar; generator:type=solar_photovoltaic_panel; power=generator,2026-08-03T05:51:52+00:00
way/1039056930,way,1039056930,横瀬町,115.42,20.78,21819.0,15.59,power=generator + generator:source=solar,generator:method=photovoltaic; generator:output:electricity=yes; generator:source=solar; generator:type=solar_photovoltaic_panel; power=generator,2026-08-03T05:51:52+00:00
way/1039056931,way,1039056931,横瀬町,115.41,20.77,21808.5,15.58,power=generator + generator:source=solar,generator:method=photovoltaic; generator:output:electricity=yes; generator:source=solar; generator:type=solar_photovoltaic_panel; power=generator,2026-08-03T05:51:52+00:00
way/1039056932,way,1039056932,横瀬町,127.02,22.86,24003.0,17.14,power=generator + generator:source=solar,generator:method=photovoltaic; generator:output:electricity=yes; generator:source=solar; generator:type=solar_photovoltaic_panel; power=generator,2026-08-03T05:51:52+00:00
way/1039056933,way,1039056933,横瀬町,134.89,24.28,25494.0,18.21,power=generator + generator:source=solar,generator:method=photovoltaic; generator:output:electricity=yes; generator:source=solar; generator:type=solar_photovoltaic_panel; power=generator,2026-08-03T05:51:52+00:00
way/1039056934,way,1039056934,横瀬町,134.88,24.28,25494.0,18.21,power=generator + generator:source=solar,generator:method=photovoltaic; generator:output:electricity=yes; generator:source=solar; generator:type=solar_photovoltaic_panel; power=generator,2026-08-03T05:51:52+00:00
way/1039056935,way,1039056935,横瀬町,83.21,14.98,15729.0,11.23,power=generator + generator:source=solar,generator:method=photovoltaic; generator:output:electricity=yes; generator:source=solar; generator:type=solar_photovoltaic_panel; power=generator,2026-08-03T05:51:52+00:00
way/1039056936,way,1039056936,横瀬町,86.7,15.61,16390.5,11.71,power=generator + generator:source=solar,generator:method=photovoltaic; generator:output:electricity=yes; generator:source=solar; generator:type=solar_photovoltaic_panel; power=generator,2026-08-03T05:51:52+00:00
way/1039056937,way,1039056937,横瀬町,97.06,17.47,18343.5,13.1,power=generator + generator:source=solar,generator:method=photovoltaic; generator:output:electricity=yes; generator:source=solar; generator:type=solar_photovoltaic_panel; power=generator,2026-08-03T05:51:52+00:00
way/1039056938,way,1039056938,横瀬町,86.55,15.58,16359.0,11.69,power=generator + generator:source=solar,generator:method=photovoltaic; generator:output:electricity=yes; generator:source=solar; generator:type=solar_photovoltaic_panel; power=generator,2026-08-03T05:51:52+00:00
way/1039056939,way,1039056939,横瀬町,37.48,6.75,7087.5,5.06,power=generator + generator:source=solar,generator:method=photovoltaic; generator:output:electricity=yes; generator:source=solar; generator:type=solar_photovoltaic_panel; power=generator,2026-08-03T05:51:52+00:00
way/1039056940,way,1039056940,横瀬町,76.05,13.69,14374.5,10.27,power=generator + generator:source=solar,generator:method=photovoltaic; generator:output:electricity=yes; generator:source=solar; generator:type=solar_photovoltaic_panel; power=generator,2026-08-03T05:51:52+00:00
way/1039503751,way,1039503751,横瀬町,115.41,20.77,21808.5,15.58,power=generator + generator:source=solar,generator:method=photovoltaic; generator:output:electricity=yes; generator:source=solar; generator:type=solar_photovoltaic_panel; power=generator,2026-08-03T05:51:52+00:00
way/1039503752,way,1039503752,横瀬町,115.42,20.78,21819.0,15.59,power=generator + generator:source=solar,generator:method=photovoltaic; generator:output:electricity=yes; generator:source=solar; generator:type=solar_photovoltaic_panel; power=generator,2026-08-03T05:51:52+00:00
way/1039503753,way,1039503753,横瀬町,115.42,20.78,21819.0,15.59,power=generator + generator:source=solar,generator:method=photovoltaic; generator:output:electricity=yes; generator:source=solar; generator:type=solar_photovoltaic_panel; power=generator,2026-08-03T05:51:52+00:00
way/1039503754,way,1039503754,横瀬町,115.41,20.77,21808.5,15.58,power=generator + generator:source=solar,generator:method=photovoltaic; generator:output:electricity=yes; generator:source=solar; generator:type=solar_photovoltaic_panel; power=generator,2026-08-03T05:51:52+00:00
way/1039503755,way,1039503755,横瀬町,115.42,20.78,21819.0,15.59,power=generator + generator:source=solar,generator:method=photovoltaic; generator:output:electricity=yes; generator:source=solar; generator:type=solar_photovoltaic_panel; power=generator,2026-08-03T05:51:52+00:00
way/1039503756,way,1039503756,横瀬町,115.42,20.78,21819.0,15.59,power=generator + generator:source=solar,generator:method=photovoltaic; generator:output:electricity=yes; generator:source=solar; generator:type=solar_photovoltaic_panel; power=generator,2026-08-03T05:51:52+00:00
way/1039503757,way,1039503757,横瀬町,115.41,20.77,21808.5,15.58,power=generator + generator:source=solar,generator:method=photovoltaic; generator:output:electricity=yes; generator:source=solar; generator:type=solar_photovoltaic_panel; power=generator,2026-08-03T05:51:52+00:00
way/1039503758,way,1039503758,横瀬町,109.46,19.7,20685.0,14.77,power=generator + generator:source=solar,generator:method=photovoltaic; generator:output:electricity=yes; generator:source=solar; generator:type=solar_photovoltaic_panel; power=generator,2026-08-03T05:51:52+00:00
way/1039503759,way,1039503759,横瀬町,69.75,12.55,13177.5,9.41,power=generator + generator:source=solar,generator:method=photovoltaic; generator:output:electricity=yes; generator:source=solar; generator:type=solar_photovoltaic_panel; power=generator,2026-08-03T05:51:52+00:00
way/1039503760,way,1039503760,横瀬町,69.76,12.56,13188.0,9.42,power=generator + generator:source=solar,generator:method=photovoltaic; generator:output:electricity=yes; generator:source=solar; generator:type=solar_photovoltaic_panel; power=generator,2026-08-03T05:51:52+00:00
way/1039503761,way,1039503761,横瀬町,64.27,11.57,12148.5,8.68,power=generator + generator:source=solar,generator:method=photovoltaic; generator:output:electricity=yes; generator:source=solar; generator:type=solar_photovoltaic_panel; power=generator,2026-08-03T05:51:52+00:00
way/1039503762,way,1039503762,横瀬町,69.65,12.54,13167.0,9.4,power=generator + generator:source=solar,generator:method=photovoltaic; generator:output:electricity=yes; generator:source=solar; generator:type=solar_photovoltaic_panel; power=generator,2026-08-03T05:51:52+00:00
way/1039503763,way,1039503763,横瀬町,69.85,12.57,13198.5,9.43,power=generator + generator:source=solar,generator:method=photovoltaic; generator:output:electricity=yes; generator:source=solar; generator:type=solar_photovoltaic_panel; power=generator,2026-08-03T05:51:52+00:00
way/1039503764,way,1039503764,横瀬町,52.34,9.42,9891.0,7.06,power=generator + generator:source=solar,generator:method=photovoltaic; generator:output:electricity=yes; generator:source=solar; generator:type=solar_photovoltaic_panel; power=generator,2026-08-03T05:51:52+00:00
way/1039503765,way,1039503765,横瀬町,90.22,16.24,17052.0,12.18,power=generator + generator:source=solar,generator:method=photovoltaic; generator:output:electricity=yes; generator:source=solar; generator:type=solar_photovoltaic_panel; power=generator,2026-08-03T05:51:52+00:00
way/1039503766,way,1039503766,横瀬町,115.41,20.77,21808.5,15.58,power=generator + generator:source=solar,generator:method=photovoltaic; generator:output:electricity=yes; generator:source=solar; generator:type=solar_photovoltaic_panel; power=generator,2026-08-03T05:51:52+00:00
way/1039503767,way,1039503767,横瀬町,115.41,20.77,21808.5,15.58,power=generator + generator:source=solar,generator:method=photovoltaic; generator:output:electricity=yes; generator:source=solar; generator:type=solar_photovoltaic_panel; power=generator,2026-08-03T05:51:52+00:00
way/1039503768,way,1039503768,横瀬町,115.41,20.77,21808.5,15.58,power=generator + generator:source=solar,generator:method=photovoltaic; generator:output:electricity=yes; generator:source=solar; generator:type=solar_photovoltaic_panel; power=generator,2026-08-03T05:51:52+00:00
way/1039503769,way,1039503769,横瀬町,90.35,16.26,17073.0,12.2,power=generator + generator:source=solar,generator:method=photovoltaic; generator:output:electricity=yes; generator:source=solar; generator:type=solar_photovoltaic_panel; power=generator,2026-08-03T05:51:52+00:00
way/1039503770,way,1039503770,横瀬町,90.39,16.27,17083.5,12.2,power=generator + generator:source=solar,generator:method=photovoltaic; generator:output:electricity=yes; generator:source=solar; generator:type=solar_photovoltaic_panel; power=generator,2026-08-03T05:51:52+00:00
way/1147745627,way,1147745627,横瀬町,152.01,27.36,28728.0,20.52,power=generator + generator:source=solar,generator:method=photovoltaic; generator:output:electricity=yes; generator:source=solar; generator:type=solar_photovoltaic_panel; power=generator,2026-08-03T05:51:52+00:00
way/1147745628,way,1147745628,横瀬町,161.86,29.13,30586.5,21.85,power=generator + generator:source=solar,generator:method=photovoltaic; generator:output:electricity=yes; generator:source=solar; generator:type=solar_photovoltaic_panel; power=generator,2026-08-03T05:51:52+00:00
way/1316734409,way,1316734409,横瀬町,11985.32,2157.36,2265228.0,1618.02,power=plant + plant:source=solar,name=芦ヶ久保太陽光発電所; plant:source=solar; power=plant,2026-08-03T05:51:52+00:00
way/698536434,way,698536434,横瀬町,145.77,26.24,27552.0,19.68,power=generator + generator:source=solar,generator:method=photovoltaic; generator:output:electricity=yes; generator:source=solar; generator:type=solar_photovoltaic_panel; power=generator,2026-08-03T05:51:52+00:00
way/698541697,way,698541697,横瀬町,53.95,9.71,10195.5,7.28,power=generator + generator:source=solar,generator:method=photovoltaic; generator:output:electricity=yes; generator:source=solar; generator:type=solar_photovoltaic_panel; power=generator,2026-08-03T05:51:52+00:00
way/698541698,way,698541698,横瀬町,43.78,7.88,8274.0,5.91,power=generator + generator:source=solar,generator:method=photovoltaic; generator:output:electricity=yes; generator:source=solar; generator:type=solar_photovoltaic_panel; power=generator,2026-08-03T05:51:52+00:00
way/698542707,way,698542707,横瀬町,85.15,15.33,16096.5,11.5,power=generator + generator:source=solar,generator:method=photovoltaic; generator:output:electricity=yes; generator:source=solar; generator:type=solar_photovoltaic_panel; power=generator,2026-08-03T05:51:52+00:00
way/698542708,way,698542708,横瀬町,147.11,26.48,27804.0,19.86,power=generator + generator:source=solar,generator:method=photovoltaic; generator:output:electricity=yes; generator:source=solar; generator:type=solar_photovoltaic_panel; power=generator,2026-08-03T05:51:52+00:00
way/698542709,way,698542709,横瀬町,128.53,23.14,24297.0,17.36,power=generator + generator:source=solar,generator:method=photovoltaic; generator:output:electricity=yes; generator:source=solar; generator:type=solar_photovoltaic_panel; power=generator,2026-08-03T05:51:52+00:00
way/698542710,way,698542710,横瀬町,618.17,111.27,116833.5,83.45,power=generator + generator:source=solar,generator:method=photovoltaic; generator:output:electricity=yes; generator:source=solar; generator:type=solar_photovoltaic_panel; power=generator,2026-08-03T05:51:52+00:00
way/698543838,way,698543838,横瀬町,81.5,14.67,15403.5,11.0,power=generator + generator:source=solar,generator:method=photovoltaic; generator:output:electricity=yes; generator:source=solar; generator:type=solar_photovoltaic_panel; power=generator,2026-08-03T05:51:52+00:00
way/698543850,way,698543850,横瀬町,26.21,4.72,4956.0,3.54,power=generator + generator:source=solar,generator:method=photovoltaic; generator:output:electricity=yes; generator:source=solar; generator:type=solar_photovoltaic_panel; power=generator,2026-08-03T05:51:52+00:00
way/698553114,way,698553114,横瀬町,14.35,2.58,2709.0,1.94,power=generator + generator:source=solar,generator:method=photovoltaic; generator:output:electricity=yes; generator:source=solar; generator:type=solar_photovoltaic_panel; power=generator,2026-08-03T05:51:52+00:00
way/698555586,way,698555586,横瀬町,38.95,7.01,7360.5,5.26,power=generator + generator:source=solar,generator:method=photovoltaic; generator:output:electricity=yes; generator:source=solar; generator:type=solar_photovoltaic_panel; power=generator,2026-08-03T05:51:52+00:00
way/698555587,way,698555587,横瀬町,22.09,3.98,4179.0,2.98,power=generator + generator:source=solar,generator:method=photovoltaic; generator:output:electricity=yes; generator:source=solar; generator:type=solar_photovoltaic_panel; power=generator,2026-08-03T05:51:52+00:00
way/840263569,way,840263569,横瀬町,363.49,65.43,68701.5,49.07,power=generator + generator:source=solar,building:levels=2; generator:method=photovoltaic; generator:output:electricity=yes; generator:source=solar; generator:type=solar_photovoltaic_panel; height=3; power=generator,2026-08-03T05:51:52+00:00
way/840281606,way,840281606,横瀬町,8.73,1.57,1648.5,1.18,power=generator + generator:source=solar,generator:method=photovoltaic; generator:output:electricity=yes; generator:source=solar; generator:type=solar_photovoltaic_panel; layer=2; power=generator,2026-08-03T05:51:52+00:00
way/960956394,way,960956394,横瀬町,267.52,48.15,50557.5,36.11,power=generator + generator:source=solar,generator:method=photovoltaic; generator:output:electricity=yes; generator:source=solar; generator:type=solar_photovoltaic_panel; power=generator,2026-08-03T05:51:52+00:00
